id,text,category
banking-016,How can I top up automatically?,automatic_top_up
banking-209,What things do I need to verify my identity?,verify_my_identity
banking-079,I'm really stuck. I don't know why but my card payment has not gone through.,declined_card_payment
banking-214,Is it normal to have to verify my top-up or is something wrong?,verify_top_up
banking-078,What countries are you currently in?,country_support
banking-106,Can you explain what this random $1 charge is?,extra_charge_on_statement
banking-183,how much can i top up?,top_up_limits
banking-145,What would lead to my top up still pending?,pending_top_up
banking-009,How do I open up an account for my child?,age_limit
banking-008,Do you offer services for children to have money saving experience?,age_limit
banking-189,"I am missing some funds from my account - I tried to transfer them using my credit card number, and it disappeared.",topping_up_by_card
banking-105,"I think I want AUD and not GBP, can you help?",exchange_via_app
banking-213,Where can I find the source of my available money?,verify_source_of_funds
banking-043,Where do I link the new card?,card_linking
banking-171,What'll it charge me for a SEPA transfer?,top_up_by_bank_transfer_charge
banking-220,Do you do Visa or Mastercard?,visa_or_mastercard
banking-168,Can you tell me how to close my account?,terminate_account
banking-020,I made a transfer a few hours ago from a UK banking account.  I do not yet see the transfer.  Please check on this for me.,balance_not_updated_after_bank_transfer
banking-051,There is an unauthorized fee.,card_payment_fee_charged
banking-064,"There is an error, the app says I made an ATM withdrawal and I didn't.",cash_withdrawal_not_recognised
banking-039,Where is the tracking number for the card you sent me?,card_arrival
banking-120,I cannot locate the card PIN.,get_physical_card
banking-041,I need my card to come as soon as possible.,card_delivery_estimate
banking-202,If my transfer is from Europe how long will it take?,transfer_timing
banking-184,My top-up was cancelled; will I receive a refund?,top_up_reverted
banking-110,help me with my transfer,failed_transfer
banking-055,I believe my card payment exchange rate is incorrect.,card_payment_wrong_exchange_rate
banking-075,Fix my contactless,contactless_not_working
banking-192,It appears that I am being double charged for some items that I have purchased this past week.  Please review and correct.,transaction_charged_twice
banking-071,"I don't recognize some of the transactions on my card, I think someone must have gotten my card info and used it.",compromised_card
banking-174,Any fee for topping up?,top_up_by_card_charge
banking-188,Can I give my friends access to my account so they can top it up for me?,topping_up_by_card
banking-118,Is my PIN located on my account somewhere?,get_physical_card
banking-108,Why was I overcharged a pound!?,extra_charge_on_statement
banking-094,I need to update my current address,edit_personal_details
banking-062,Why is there a charge on my account for taking out cash?,cash_withdrawal_charge
banking-231,Can I make a withdraw if I am out of country from with out any fees at an ATM?,wrong_exchange_rate_for_cash_withdrawal
banking-037,My card still hasn't arrived after 2 weeks. Is it lost?,card_arrival
banking-032,"I need a new card, my current card is nearly expired.",card_about_to_expire
banking-099,Do I have to pay for exchanging currencies?,exchange_charge
banking-018,Can I have it add money automatically in certain intervals?,automatic_top_up
banking-138,What steps do I take to receive another passcode?,passcode_forgotten
banking-006,I would like to get help from someone with activating my card.,activate_my_card
banking-061,Is there a fee for withdrawing cash?,cash_withdrawal_charge
banking-137,What should I do if I forgot my passcode?,passcode_forgotten
banking-011,Is it possible to use Apple Pay to put money in my account?,apple_pay_or_google_pay
banking-082,Why was I declined getting cash?,declined_cash_withdrawal
banking-019,Hello I made a bank transfer couple hours ago from my UK account but it doesn't show up yet. Can you please check if everything is alright with it?,balance_not_updated_after_bank_transfer
banking-028,My transaction needs to be canceled.,cancel_transfer
banking-219,My card is just not working at this time.,virtual_card_not_working
banking-155,Do I need to establish I am paid in GBP before a transfer?,receiving_money
banking-182,As for limits are top ups included?,top_up_limits
banking-058,Is there a way I can get my ATM card back from the machine?,card_swallowed
banking-140,I am seeing pending from the card payment I made.,pending_card_payment
banking-049,What fees apply when using a card?,card_payment_fee_charged
banking-048,How do I unblock my card using the app?,card_not_working
banking-067,I need to change my pin but I am on the road.,change_pin
banking-091,How many disposable cards is the limit?,disposable_card_limits
banking-040,What's the U.S. Delivery time?,card_delivery_estimate
banking-022,What happened to the cash that I tried to deposit into my account? It's gone!,balance_not_updated_after_cheque_or_cash_deposit
banking-069,I'd like to make a new PIN selection.,change_pin
banking-053,Some of my card payments look different than where I purchased products from. Why is that?,card_payment_not_recognised
banking-100,Will I get a curreng foreign exchange rate?,exchange_rate
banking-123,I'd like to have another card,getting_spare_card
banking-129,Help! Someone stole my card!,lost_or_stolen_card
banking-180,The app denied my topped up.,top_up_failed
banking-185,It seems my top up is reverted?,top_up_reverted
banking-081,Can you look at my account ans see why my card was declined,declined_card_payment
banking-175,Can you help me find top up by cash deposit?,top_up_by_cash_or_cheque
banking-007,how old do i need to be to get an account for myself,age_limit
banking-221,I want to get Visa and Mastercard,visa_or_mastercard
banking-086,The card got declined twice when I tried to use it to buy something online yesterday.,declined_transfer
banking-005,"I received my new card, how is it activated?",activate_my_card
banking-158,Can I have an item refunded?,request_refund
banking-096,My address needs to be revised.,edit_personal_details
banking-153,Will you reinstate my PIN?,pin_blocked
banking-072,What do I do if I think someone managed to get my card information?,compromised_card
banking-073,It didnt work when I tried to pay contactless at the bus today. Why?,contactless_not_working
banking-144,"What's a pending transaction? My card was declined at an ATM, but my account says it's still pending. Can I cancel the payment?",pending_cash_withdrawal
banking-124,Are virtual cards available to get?,getting_virtual_card
banking-130,"My phone was stolen, what do I do?",lost_or_stolen_phone
banking-194,I need someone to alert me as to what's going on. I had transferred an amount but the receiver is saying that the amount is somewhat less than what I sent over. I now have to make another transfer to make up the difference.,transfer_fee_charged
banking-063,"Hi, I am calling about a recent transaction that has happened on my account.  I recently went to the ATM, and tried to make a withdrawal on my account.  I just happened to check my transaction slip and noticed a fee for my withdrawal.  How can I resolve this, I didn't know fees were charged for this type of action.",cash_withdrawal_charge
banking-230,"When I got cash, my exchange rate was wrong.",wrong_exchange_rate_for_cash_withdrawal
banking-119,what is the process for setting up a pin,get_physical_card
banking-070,"I see random purchases to my account, was it hacked?",compromised_card
banking-204,How long will it take for the transfer to reach my account?,transfer_timing
banking-210,What do you need to verify my identity?,verify_my_identity
banking-034,Do you know where my card will be accepted?,card_acceptance
banking-218,virtual card is not working for me,virtual_card_not_working
banking-195,I got 2 transfer fees and I thought transfers were free.,transfer_fee_charged
banking-112,"In terms of holding and exchange, what fiat currencies do you use.",fiat_currency_support
banking-015,Help me locate the nearest ATM.,atm_support
banking-084,Why was my cash withdrawal declined?,declined_cash_withdrawal
banking-176,Can I top up by cheque?,top_up_by_cash_or_cheque
banking-207,I am having difficulties to verify my identity.,unable_to_verify_identity
banking-092,How many times can I use the disposable virtual card I have?,disposable_card_limits
banking-200,Is there a reason why my transaction is taking so long?,transfer_not_received_by_recipient
banking-211,Why do you need all this information about my Source of Funds?,verify_source_of_funds
banking-054,In my statement there is a payment that is I do not recognize,card_payment_not_recognised
banking-114,What fiat currencies are used for holding transactions?,fiat_currency_support
banking-113,Can I exchange currencies?,fiat_currency_support
banking-012,is apple pay costly?,apple_pay_or_google_pay
banking-131,I can't find my phone.,lost_or_stolen_phone
banking-196,I need to transfer funds into my account. How can I do this?,transfer_into_account
banking-068,I need a new PIN.,change_pin
banking-056,The wrong exchange rate was used when I bought something with a foriegn currency.,card_payment_wrong_exchange_rate
banking-045,"I received my new card, but I don't see it in the app anywhere.  What do I do?",card_linking
banking-147,What does it mean when my top up is saying  still pending?,pending_top_up
banking-087,"When I submit a transfer, it is being declined.  The information I put in has been reviewed.",declined_transfer
banking-206,It is impossible to verify my identity,unable_to_verify_identity
banking-013,What ATMs can I withdraw money from?,atm_support
banking-172,What are the fees for top ups?,top_up_by_card_charge
banking-095,My address has changed.,edit_personal_details
banking-226,I tried to get $100 but I just got $20,wrong_amount_of_cash_received
banking-148,My transfer is still pending and I know the account numbers are correct.  Please help.,pending_transfer
banking-115,I just purchased a disposable virtual card. Am I able to use it for online purchases immediately?,get_disposable_virtual_card
banking-216,What are the benefits to verifying the top-up?,verify_top_up
banking-201,I need to find out why my transfer didn't get there.,transfer_not_received_by_recipient
banking-133,I want to order a card. Where do you deliver to?,order_physical_card
banking-014,How can I find the nearest ATM?,atm_support
banking-098,"I will need to exchange currencies frequently, will I be able to get a discount?",exchange_charge
banking-177,Will you accept a cheque to top up my account?,top_up_by_cash_or_cheque
banking-097,How much will I pay to exchange foreign currency?,exchange_charge
banking-002,There's a refund missing from my statement,Refund_not_showing_up
banking-136,I need to reset my passcode. How do I do it?,passcode_forgotten
banking-109,"I transferred my funds, why did it not go through?",failed_transfer
banking-001,"I need help. I asked for a refund from a merchant a while ago, but I have not gotten my money back. I keep checking my account, but nothing is showing up. What should I do now?",Refund_not_showing_up
banking-149,Someone transferred money to me and it doesn't show,pending_transfer
banking-089,Can I dispute a payment even if I notice it several weeks after it was made?,direct_debit_payment_not_recognised
banking-122,Am I able to get a second card?,getting_spare_card
banking-029,Cancel my last transfer,cancel_transfer
banking-059,My ATM got stuck and I'm not sure what to do.,card_swallowed
banking-193,Why am I seeing a transfer fee?,transfer_fee_charged
banking-102,Is it a good time to exchange?,exchange_rate
banking-083,Can you tell me why you won't let me get my own money out of the money machine? I know I used the right PIN.,declined_cash_withdrawal
banking-151,What should I do if I've tried to enter my PIN too often?,pin_blocked
banking-031,When my card expires do you send a new card?,card_about_to_expire
banking-167,"Your service is terrible,.  Delete my account,",terminate_account
banking-181,Tell me if there are any top-up limits?,top_up_limits
banking-142,I'm not quite understanding why my cash withdrawal is showing as pending.,pending_cash_withdrawal
banking-141,My card payment is pending.,pending_card_payment
banking-208,What can I do to verify my identity?,verify_my_identity
banking-159,Can I have a refund?,request_refund
banking-004,What are the steps to activating a new card?,activate_my_card
banking-139,I have a pending payment in my account that I paid a while back ago and it still hasnt gone through. Why would it show pending for so long?,pending_card_payment
banking-025,Why did I receive an error message saying that my transfer was not possible?,beneficiary_not_allowed
banking-198,Can I do a bank transfer to put additional money in my account because I am out of money?,transfer_into_account
banking-163,Are US credit cards accepted?,supported_cards_and_currencies
banking-066,My account has a weird withdrawal.,cash_withdrawal_not_recognised
banking-024,The balance on my account wasn't updated after I made a depost.,balance_not_updated_after_cheque_or_cash_deposit
banking-154,How can someone send me money?,receiving_money
banking-121,Is there a fee for extra cards?,getting_spare_card
banking-160,Can you tell my why my card payment has been reverted.,reverted_card_payment?
banking-186,has my top-up has been cancelled,top_up_reverted
banking-173,What do you charge for top ups?,top_up_by_card_charge
banking-046,My card appears to be broken how can I fix it?,card_not_working
banking-107,I can see an extra 1£ charge on my app. Why did you charge me extra?,extra_charge_on_statement
banking-225,"May I use my account now, even though the identity verification has not gone through yet?",why_verify_identity
banking-117,How do disposable cards work?,get_disposable_virtual_card
banking-212,Why does my money come from?,verify_source_of_funds
banking-128,Are you able to locate my card?,lost_or_stolen_card
banking-157,I want to reverse a purchase. Can I cancel it?,request_refund
banking-103,Is it possible to change to another currency?,exchange_via_app
banking-023,I deposited cash this morning and I am still waiting,balance_not_updated_after_cheque_or_cash_deposit
banking-134,What locations can a card be delivered to?,order_physical_card
banking-203,"I initiated a Bank transfer form Europe, how long will this take?",transfer_timing
banking-057,The exchange rate was wrong when I bought something outside the country.,card_payment_wrong_exchange_rate
banking-150,When will the transfer be completed?,pending_transfer
banking-026,Why couldn't I do a transfer to a beneficiary?,beneficiary_not_allowed
banking-042,I need my card now!,card_delivery_estimate
banking-060,What do I do if an ATM ate my card?,card_swallowed
banking-093,How many times can I use a disposable card?,disposable_card_limits
banking-038,What is the tracking number for the card you sent?,card_arrival
banking-017,Can I have a auto top-up when my account is short?,automatic_top_up
banking-169,Will topping up by transfer lead to a charge on my account?,top_up_by_bank_transfer_charge
banking-085,Double check your funds may be declined,declined_transfer
banking-197,"I would like use the bank transfer, but I don't understand the process, can you please explain, topping up?",transfer_into_account
banking-088,Help me.  There is a Direct Debit that I didn't make.,direct_debit_payment_not_recognised
banking-223,Why do I have to verify my identity?,why_verify_identity
banking-035,It will be fine to use at any establishment that accepts Mastercard.,card_acceptance
banking-156,Can this be used to receive my salary?,receiving_money
banking-227,Will declined funds I tried to withdraw be returned to me?,wrong_amount_of_cash_received
banking-215,Why do you need code verification for my top up?,verify_top_up
banking-164,What cards and currencies will suffice?,supported_cards_and_currencies
banking-036,areas card is accpeted,card_acceptance
banking-161,the app reverted my payment,reverted_card_payment?
banking-077,What are the countries you operate in.,country_support
banking-152,"My account is blocked, how do I log in now",pin_blocked
banking-132,I think my phone is either lost or stolen.,lost_or_stolen_phone
banking-187,I tried to use my card to top up but all of the money has disappeared.,topping_up_by_card
banking-125,Please help me get a virtual card.,getting_virtual_card
banking-165,"To add money to my account, what currencies can I use?",supported_cards_and_currencies
banking-217,"My disposable virtual card was rejected by the merchant, please help?",virtual_card_not_working
banking-127,Help!  I can't find my card.,lost_or_stolen_card
banking-021,My transfer is pending.,balance_not_updated_after_bank_transfer
banking-010,Why isn't my top up working using my saved American Express in ApplePay?,apple_pay_or_google_pay
banking-146,Can you look into my top up please.  I made it over three hours ago and yet it's still pending.,pending_top_up
banking-090,It seems there is an incorrect listing of a direct debit payment on my app that I did not make,direct_debit_payment_not_recognised
banking-205,It doesn't let me verify my identity.,unable_to_verify_identity
banking-044,Can I put my old card back into the system? I just found it/,card_linking
banking-229,"In receiving cash, the wrong exchange rate was used for my transaction.",wrong_exchange_rate_for_cash_withdrawal
banking-047,Can someone assist me by explaining why my card is not working?,card_not_working
banking-222,Are both Visa and Mastercard offered?,visa_or_mastercard
banking-104,"If I receive foreign currencies, am I able to exchange them on the app?",exchange_via_app
banking-003,"I asked for a refund last week but nothing has happened yet, can you help me please?",Refund_not_showing_up
banking-116,Is it possible to also get a disposable virtual card?,get_disposable_virtual_card
banking-190,I think something may have happened that caused a charge to show up twice.,transaction_charged_twice
banking-101,Please advise what is the exchange rate,exchange_rate
banking-111,"I am trying to make a transfer and am unsuccessful, can you please tell me why?",failed_transfer
banking-135,"For physical cards, do you charge?",order_physical_card
banking-224,Why am I being asked to have an identity check,why_verify_identity
banking-162,I'm not sure why my account has been refunded a payment for an item I've already received about 2 weeks ago. Can you please tell me what is going on?,reverted_card_payment?
banking-228,I got less cash than the one I specified in the ATM,wrong_amount_of_cash_received
banking-033,What do I do when my card expires?,card_about_to_expire
banking-050,Is using my card free?,card_payment_fee_charged
banking-170,is there a fee for a transfer? if so how much will it be?,top_up_by_bank_transfer_charge
banking-076,"I'm not in the UK, can I get a card?",country_support
banking-065,I see a cash withdrawal that I did not perform.,cash_withdrawal_not_recognised
banking-074,How do I check my security settings to allow contactless pay?,contactless_not_working
banking-126,"I thought I was going to get a virtual card but I haven't received it yet, how can we resolve this?",getting_virtual_card
banking-052,I have an unauthorized transaction on my statement,card_payment_not_recognised
banking-027,Can I transfer money to a beneficiery?,beneficiary_not_allowed
banking-178,I'm not sure why my top up request was denied,top_up_failed
banking-080,I know I have enough funds in my account but my card payment hasn't worked for some reason. What do I do?,declined_card_payment
banking-179,I think my top up did not work,top_up_failed
banking-143,Why is my ATM cash withdrawal showing up as a pending transaction?,pending_cash_withdrawal
banking-191,"I've just come back from an eating holiday in the USA and Canada and have SO many pending and duplicated transactions on my account.  I think there is something wrong, can you look in to it please?",transaction_charged_twice
banking-166,I would like to delete my account please.,terminate_account
banking-199,I tried to send someone money but they haven't received it.,transfer_not_received_by_recipient
banking-030,I need to make an immediate cancellation related to a transfer. This was a mistake. Please assist quickly so this does not actually go through.,cancel_transfer
banking-232,Why is my refund missing from my  statement?,Refund_not_showing_up
banking-233,I requested a refund from a store but it hasn't arrived.,Refund_not_showing_up
banking-234,I should have received a refund however it is not showing on my statement,Refund_not_showing_up
banking-235,I bought something and returned it and the money from the return isn't in my account.,Refund_not_showing_up
banking-236,The refund isn't showing up on my account.,Refund_not_showing_up
banking-237,Where can I see the refund in my account,Refund_not_showing_up
banking-238,My statement doesn't show that a refund has processed,Refund_not_showing_up
banking-239,What is the activation process on my new card?,activate_my_card
banking-240,Why can't I activate my card?,activate_my_card
banking-241,I need help with activating my card,activate_my_card
banking-242,"Please, activate my card",activate_my_card
banking-243,Could you please activate my card,activate_my_card
banking-244,When will my card be activated?,activate_my_card
banking-245,I tried activating my bill of fare and it didn't workplace,activate_my_card
banking-246,How old do you have to be to get an account?,age_limit
banking-247,Can I open a bank account for my newborn baby?,age_limit
banking-248,Can I open an account for a child?,age_limit
banking-249,I am only 17. Can I make an account?,age_limit
banking-250,What age can sign up for services?,age_limit
banking-251,Is there an age minimum?,age_limit
banking-252,How old do you have to be to be able to open an account?,age_limit
banking-253,How can I top up with Google Pay?,apple_pay_or_google_pay
banking-254,How can I top up my Google Pay?,apple_pay_or_google_pay
banking-255,can i top up with apple pay,apple_pay_or_google_pay
banking-256,"Google pay and top up, I want it, can I get it?",apple_pay_or_google_pay
banking-257,How do I top up? Can I use my apple watch?,apple_pay_or_google_pay
banking-258,Does Apple Pay give the option to top up?,apple_pay_or_google_pay
banking-259,Can I use Apple Pay to top up?,apple_pay_or_google_pay
banking-260,Where is the closest Mastercard ATM?,atm_support
banking-261,How many miles away is the ATM?,atm_support
banking-262,Are there any specific ATMs that this card can be used at?,atm_support
banking-263,At which ATMs can I use this card?,atm_support
banking-264,What type of ATMs accept this card?,atm_support
banking-265,Is there places where I can't withdraw money?,atm_support
banking-266,"
Which ATMs accept this card?",atm_support
banking-267,Why are there limits on auto top-up?,automatic_top_up
banking-268,Is there a limit when using auto top-up?,automatic_top_up
banking-269,"Is there a top-up feature, if there isn't a lot of money left?",automatic_top_up
banking-270,What's the limit on automatic top-up?,automatic_top_up
banking-271,"I read about the auto-top up function, but can't find it in the app.",automatic_top_up
banking-272,How do I use auto top up?,automatic_top_up
banking-273,What is the auto top up function and where can I find that at?,automatic_top_up
banking-274,How long does it take for an international transfer into my account?,balance_not_updated_after_bank_transfer
banking-275,When will I see my new balance after making my bank transfer?,balance_not_updated_after_bank_transfer
banking-276,I just completed a bank transfer and the balance didn't update,balance_not_updated_after_bank_transfer
banking-277,Why didn't my balance change after I transferred some money?,balance_not_updated_after_bank_transfer
banking-278,I made a transfer and it doesnt' show up in my account.,balance_not_updated_after_bank_transfer
banking-279,Why doesn't it show that I did a balance transfer?,balance_not_updated_after_bank_transfer
banking-280,My account balance has not gone up even though I just transferred money into it,balance_not_updated_after_bank_transfer
banking-281,Balance hasn't been updated following a cheque or cash deposit,balance_not_updated_after_cheque_or_cash_deposit
banking-282,"When I deposit cheques and cash, my balance does not update.",balance_not_updated_after_cheque_or_cash_deposit
banking-283,My cash deposit from a week ago hasn't shown up. I need the money - how quickly can you sort this out?,balance_not_updated_after_cheque_or_cash_deposit
banking-284,How long does it take to process cheque deposits?,balance_not_updated_after_cheque_or_cash_deposit
banking-285,I submitted a cash deposit to my account but it hasn't posted yet.,balance_not_updated_after_cheque_or_cash_deposit
banking-286,Cash deposit to my account but it has not appeared.,balance_not_updated_after_cheque_or_cash_deposit
banking-287,I made a cash deposit almost a week ago but it's still not there!! please sort this out asap I need the money,balance_not_updated_after_cheque_or_cash_deposit
banking-288,I have tried transferring money numerous times.  All I keep getting is an error message.  Can you tell me what is going on and how this van be fixed?,beneficiary_not_allowed
banking-289,I am having problems transferring to a beneficiary.,beneficiary_not_allowed
banking-290,Why isn't my transfer not going through? I keep getting an error message.,beneficiary_not_allowed
banking-291,"Hey I want to buy some crypto but the app doesn't allow me to! What's the issue, I really want to exchange this",beneficiary_not_allowed
banking-292,How come I'm not allowed to transfer funds right now? I just keep getting an error message.,beneficiary_not_allowed
banking-293,Explain why I can't do a transfer to a beneficiary.,beneficiary_not_allowed
banking-294,A transfer to an account was not allowed,beneficiary_not_allowed
banking-295,I accidentally made a transaction to the wrong account.,cancel_transfer
banking-296,Tell me how to cancel a transfer.,cancel_transfer
banking-297,I want to reverse my transaction from earlier,cancel_transfer
banking-298,"I need to cancel my recent transfer immediately, I made a mistake there, please help quickly before it goes through",cancel_transfer
banking-299,I transferred the wrong amount and would like to cancel the transaction.,cancel_transfer
banking-300,I made a transaction this morning and would like to revert it.,cancel_transfer
banking-301,I would like to revert a transaction I did this morning,cancel_transfer
banking-302,My card is about to expire and I need to know how much it costs and how long it takes to get a new one.,card_about_to_expire
banking-303,When my card expires what happens to my account?,card_about_to_expire
banking-304,"Since my card is about to expire, what do I do to get a new one?",card_about_to_expire
banking-305,I need a new card since my old one is about to expire.,card_about_to_expire
banking-306,The expiration date on my card is coming up,card_about_to_expire
banking-307,Am I able to order a new card and have it sent to me in China?,card_about_to_expire
banking-308,How do I order a new card before It expires?,card_about_to_expire
banking-309,"I am traveling to Germany, Will I be able to use my card there?",card_acceptance
banking-310,What are the rules to where I can use my card?,card_acceptance
banking-311,Can I use my card anywere?,card_acceptance
banking-312,Is there any place I cannot use my card?,card_acceptance
banking-313,Will any business take this card?,card_acceptance
banking-314,What places can I use my card?,card_acceptance
banking-315,Is my card accepted everywhere?,card_acceptance
banking-316,How long does a card delivery take?,card_arrival
banking-317,"I ordered a card a week ago, and it's still not here. What do I do?",card_arrival
banking-318,How do I locate my card?,card_arrival
banking-319,"I'm starting to think my card is lost because it still hasn't arrived, can you help?",card_arrival
banking-320,Does the card you sent have a way to track to it?,card_arrival
banking-321,still waiting on that card,card_arrival
banking-322,Is there a way to know when my card will arrive?,card_arrival
banking-323,Can I have it be delivered at a certain time?,card_delivery_estimate
banking-324,How long will it take for the card to arrive?,card_delivery_estimate
banking-325,Can I have my card delivered on a specific day?,card_delivery_estimate
banking-326,How long does shipping take to get to a US destination?,card_delivery_estimate
banking-327,How long will it take to deliver something to US?,card_delivery_estimate
banking-328,Can I make sure my card is delivered on a specific day?,card_delivery_estimate
banking-329,How long will it take to get to me?,card_delivery_estimate
banking-330,Can I reactivate a card I thought I lost?,card_linking
banking-331,How do I link to my credit card with you?,card_linking
banking-332,"Hello, I found the card I misplaced and I need to reactive it, how do I do that?",card_linking
banking-333,"I have one of your cards already, how do I link it?",card_linking
banking-334,"I found my card, can I add it to the app?",card_linking
banking-335,Where on the website do I go to link my card?,card_linking
banking-336,I have found my lost or stolen card. Is there a way I can link the card with my account through my app again?,card_linking
banking-337,I've tried my card a bunch of times and it never worked.,card_not_working
banking-338,Why is my card not working?,card_not_working
banking-339,Nothing goes through on my card.,card_not_working
banking-340,My card suddenly quit working.,card_not_working
banking-341,I can't get my card to work.,card_not_working
banking-342,"My card is broke, what do I do?",card_not_working
banking-343,The card I have doesn't work.,card_not_working
banking-344,I would appreciate that someone let me know when there is an extra charge for payments. I was checking the app earlier and saying a charge on one of my payments that was additional that no one made me aware of before.,card_payment_fee_charged
banking-345,When would my card be charged an extra fee for a transaction?,card_payment_fee_charged
banking-346,Why was I charged a fee when I paid with card?,card_payment_fee_charged
banking-347,"Can I check somewhere if there will be a fee on my payment or not? Seems you are charging in some cases, what's the pattern there?",card_payment_fee_charged
banking-348,Why did I have to pay more when I do it with my card?,card_payment_fee_charged
banking-349,Why did I have to pay extra because I paid with card?,card_payment_fee_charged
banking-350,How do I avoid getting charged a fee on my card?,card_payment_fee_charged
banking-351,I'm not familiar with a card payment.,card_payment_not_recognised
banking-352,An unauthorized payment is in my app,card_payment_not_recognised
banking-353,There is a strange payment on my statement. What should I do?,card_payment_not_recognised
banking-354,I did not make this card payment.,card_payment_not_recognised
banking-355,"Please put a freeze on my card,  I am worried there has been some payments on it and I don't know what for.",card_payment_not_recognised
banking-356,there is a transaction on my account that i didnt make,card_payment_not_recognised
banking-357,I have a payment listed in error.,card_payment_not_recognised
banking-358,"The exchange rate given to me wasn't correct, after i purchased an item",card_payment_wrong_exchange_rate
banking-359,I purchased an item and the exchange rate I was given was incorrect.,card_payment_wrong_exchange_rate
banking-360,"Hi, I don't think your exchange rate is right. I need you to check the official interbank exchange please.",card_payment_wrong_exchange_rate
banking-361,You did not apply the correct exchange rate for an item that I bought.,card_payment_wrong_exchange_rate
banking-362,The exchange rate for my transaction last Saturday seems to have been wrong I got charged extra.  Please fix.,card_payment_wrong_exchange_rate
banking-363,I made a currency exchange and think I was charged more than I should of been.,card_payment_wrong_exchange_rate
banking-364,I bought something overseas and the wrong exchange rate is on my statement.,card_payment_wrong_exchange_rate
banking-365,ATM still has my card,card_swallowed
banking-366,The atm won't give my card back!,card_swallowed
banking-367,I was at an ATM and it swallowed my card.,card_swallowed
banking-368,The ATM won't give me my card back.,card_swallowed
banking-369,WTF??? I tried to withdraw some money at a Metro bank on High St. Kensington and without any notice it disappeared in the machine. The bank was already closed so I couldn't do anything. How do I get it back?,card_swallowed
banking-370,My card was taken by the ATM.,card_swallowed
banking-371,The ATM at Metro bank on High St. Kensington swallowed my card. How do I get it back?,card_swallowed
banking-372,I had a wrong fee charged at this ATM.,cash_withdrawal_charge
banking-373,I took cash and got charged a fee,cash_withdrawal_charge
banking-374,Why are fees charged on cash withdrawals? I went to withdraw some money earlier today after shopping. There's a fee that wasn't there before.,cash_withdrawal_charge
banking-375,"How come you charge for cash withdrawals? I withdrew cash after buying groceries today, and there seems to be a new fee",cash_withdrawal_charge
banking-376,I have never been charged a fee for cash withdrawal before. When did that change?,cash_withdrawal_charge
banking-377,Did you start charging for cash withdrawals? I thought it was free so far but noticed suddendly there is a fee. How much do I need to pay?,cash_withdrawal_charge
banking-378,"When I got cash, I'm pretty sure there was a glitch that overcharged me.",cash_withdrawal_charge
banking-379,I'm unsure of a withdrawl in my statement.,cash_withdrawal_not_recognised
banking-380,There is a odd withdrawal on my account.,cash_withdrawal_not_recognised
banking-381,"Can anyone help me, I lost my wallet and they've started withdrawing from my account.",cash_withdrawal_not_recognised
banking-382,There is a problem with my card. Somebody has removed money from my account in a town I haven't been to. Can you please freeze my account immediately?,cash_withdrawal_not_recognised
banking-383,The app said I withdrew cash at an ATM and I didn't,cash_withdrawal_not_recognised
banking-384,What do I do if I notice a strange withdrawl in my statement?,cash_withdrawal_not_recognised
banking-385,"I didn't get cash from an ATM, but according to the app a transaction was made when i didn't make it.",cash_withdrawal_not_recognised
banking-386,What do I need to do to change my PIN?,change_pin
banking-387,How do I update my PIN to a new number?,change_pin
banking-388,In what ATM can I change my pin?,change_pin
banking-389,I would like to change my pin.,change_pin
banking-390,Can i change my PIN at the ATM?,change_pin
banking-391,How do I change my PIN?,change_pin
banking-392,How can I change the PIN?  Do I have to go to a real bank?,change_pin
banking-393,"If I feel someone has my card information, can I get a new card?",compromised_card
banking-394,Someone else used my card!,compromised_card
banking-395,I think someone else is using my card.  There are transactions I didn't make.,compromised_card
banking-396,Can I use app to freeze my card and dispute fraud?,compromised_card
banking-397,"I'm not certain, but someone may be using my card.",compromised_card
banking-398,What do I do if I think my card was improperly used?,compromised_card
banking-399,I think my child used my card while I wasn't home.,compromised_card
banking-400,The contactless I have won't work.,contactless_not_working
banking-401,Contactless isn't working for me,contactless_not_working
banking-402,I've been unable to pay contactless with my card for over a week now. Is there a way to fix this issue?,contactless_not_working
banking-403,Should i reinstall the payment app?,contactless_not_working
banking-404,How do I enable contactless pay?,contactless_not_working
banking-405,I wanted to use my contactless at the metro today but it didn't accept it!,contactless_not_working
banking-406,"When I tried to pay for my bus ride, the contactless payment wouldn't work. How can I prevent this in the future?",contactless_not_working
banking-407,Can the card be mailed and used in Europe?,country_support
banking-408,I don't live in the UK.  Can I still get a card?,country_support
banking-409,From what countries can I use this product?,country_support
banking-410,Can I use your app if I am from the EU?,country_support
banking-411,Where can I find your locations?,country_support
banking-412,Do you support the EU?,country_support
banking-413,"I'm not in the UK, is it possible for me to still get a card?",country_support
banking-414,Do you know why my card payment is declined?,declined_card_payment
banking-415,"My latest payment was declined, I was told everything was back to working order. What happened?",declined_card_payment
banking-416,My card didn't work in one of the shops.,declined_card_payment
banking-417,My new card keeps getting declined. I was very excited to use it for the first time today. Why is this doing this?,declined_card_payment
banking-418,Why was my Payment declined,declined_card_payment
banking-419,I have no idea why my card payment did not work.,declined_card_payment
banking-420,How do you fix  my card payment?,declined_card_payment
banking-421,Why could I not get cash?,declined_cash_withdrawal
banking-422,The ATM keeps declining my card. I tried at two different ATMs. Can you tell me if there's an issue with my account?,declined_cash_withdrawal
banking-423,I tried to make a cash withdrawal and it was declined. Why did this happen?,declined_cash_withdrawal
banking-424,The ATM didn't let me get any cash,declined_cash_withdrawal
banking-425,This is very frustrating. I can't get my card to work on any ATM I try and I've tried 3 of them so far. What's going on? Can you please fix this issue immediately?,declined_cash_withdrawal
banking-426,The ATM is declining my card. I tried at two different ATMs. Can you tell me if there's anything wrong with my account?,declined_cash_withdrawal
banking-427,Why was I declined at the ATM today when I was trying to make a withdraw?,declined_cash_withdrawal
banking-428,Good morning. I tried to make a purchase with my credit card last night and again this morning. Both times it was declined. Can you investigate?,declined_transfer
banking-429,Why was the transfer declined?,declined_transfer
banking-430,"I tired to move my money, but my transfer was declined.",declined_transfer
banking-431,For what reason was my transfer declined?,declined_transfer
banking-432,Why did a transfer get declined?,declined_transfer
banking-433,I tried to buy something online yesterday but it wouldn't stop saying declined. Tried again today but same thing happened. What's Broken?,declined_transfer
banking-434,I am getting continuous failure for all my transfers. I have cross checked each recipient detail again and again and everything is correct.,declined_transfer
banking-435,I am concerned about the security in my account and would like to make a dispute.,direct_debit_payment_not_recognised
banking-436,I didn't make this direct debit transaction,direct_debit_payment_not_recognised
banking-437,someone stole my money,direct_debit_payment_not_recognised
banking-438,"Even though it's late, I wanted to see about disputing a charge. I was just looking through my transactions over the past couple of months and noticed a pretty large amount that was not completed by me. Is this possibly something I can still do.",direct_debit_payment_not_recognised
banking-439,I don't understand where this debit came from and want it removed.,direct_debit_payment_not_recognised
banking-440,"I am seeing a weird payment showing up that I know I did not make, how can I get it cancelled?",direct_debit_payment_not_recognised
banking-441,Unknown direct deposit,direct_debit_payment_not_recognised
banking-442,Are there any hindrances to using a disposable virtual card?,disposable_card_limits
banking-443,Can I make many disposable cards per day?,disposable_card_limits
banking-444,Is it possible to make several disposable cards in a day?,disposable_card_limits
banking-445,"I need to use my disposable card multiple times a day, is there a cutoff limit?",disposable_card_limits
banking-446,How can i get multiple disposble cards.,disposable_card_limits
banking-447,How many transactions can I do with one disposable card?,disposable_card_limits
banking-448,What is the maximum number of transactions I can make with one card?,disposable_card_limits
banking-449,how can i change my details,edit_personal_details
banking-450,How can I edit my personal details?,edit_personal_details
banking-451,I need to change my name what do I do?,edit_personal_details
banking-452,Is it possible to edit my personal details on the app?,edit_personal_details
banking-453,I need to change my account details,edit_personal_details
banking-454,Can I change my information?,edit_personal_details
banking-455,How do I update my details?,edit_personal_details
banking-456,Would I be charged for exchanging currencies?,exchange_charge
banking-457,Are there any extra hidden fees for exchanging currencies?,exchange_charge
banking-458,Is there a fee for exchanging currencies?,exchange_charge
banking-459,Is there a fee for exchanging foreign currencies?,exchange_charge
banking-460,Will it cost more money if my currency needs to be exchanged?,exchange_charge
banking-461,"How much is a cross currency exchange, and can I check to see if I have any discounts available?",exchange_charge
banking-462,Will I be charged a fee for exchanging foreign currencies?,exchange_charge
banking-463,Can you tell me where you get your exchange rates?,exchange_rate
banking-464,What do you base your exchange rates on?,exchange_rate
banking-465,why do your exchange rates change,exchange_rate
banking-466,The exchange rate would be?,exchange_rate
banking-467,when does the rate get determined,exchange_rate
banking-468,From where are you getting your exchange rates?,exchange_rate
banking-469,The exchange rates are?,exchange_rate
banking-470,Can I change to another currency?,exchange_via_app
banking-471,Can this app help me exchange currencies?,exchange_via_app
banking-472,Can I get some money exchanged?,exchange_via_app
banking-473,How are currencies exchanged?,exchange_via_app
banking-474,May I exchange currencies with this?,exchange_via_app
banking-475,How do I exchange currency?,exchange_via_app
banking-476,How do I change GBP to AUD?,exchange_via_app
banking-477,Why does my statement have these extra charges?,extra_charge_on_statement
banking-478,Why are there so many fees on my statement?,extra_charge_on_statement
banking-479,Can you please check why I am having this extra fee on my statement.,extra_charge_on_statement
banking-480,What is this €1 fee in my statement?,extra_charge_on_statement
banking-481,"I am a new customer, and I happened to look at my app and there is a charge I am not familiar with.  Could you tell me why the extra charge is there?",extra_charge_on_statement
banking-482,"I noticed an extra $1 charge on my statement, can you tell me why that is?",extra_charge_on_statement
banking-483,"$1 extra has been charged on my statement, why is that?",extra_charge_on_statement
banking-484,"Hi, I'm buying a flat and I'm trying to get my mortgage to go though. Every time I check I simply get an error message. Is there any way you can help me get this money transferred over. Thanks!",failed_transfer
banking-485,"Fix your system. I can't make transfers, I've tried like 5 times already.",failed_transfer
banking-486,"The transfer keeps failing , I tried to transfer some money to friends this morning but it keeps getting rejected for some reason, Would you please check the issue ?",failed_transfer
banking-487,Says my transfer can't be completed?,failed_transfer
banking-488,My transfer did not go through.,failed_transfer
banking-489,"I can not seem to make a successful transfer, can you tell me what I'm doing wrong?",failed_transfer
banking-490,Why couldn't I complete a transfer?,failed_transfer
banking-491,Do you accept exchanges to EUR?,fiat_currency_support
banking-492,Can I exchange to EUR?,fiat_currency_support
banking-493,Does your system support multiple currency.,fiat_currency_support
banking-494,Do you support the exchange of EUR from my currency.,fiat_currency_support
banking-495,Can I exchange and hold all fiat currencies?,fiat_currency_support
banking-496,"If I request that my funds be held, what currencies do you use?",fiat_currency_support
banking-497,I want to know how many different currencies my money can be in,fiat_currency_support
banking-498,Will I be able to get a disposable virtual card as well?,get_disposable_virtual_card
banking-499,where do I request a disposable virtual card?,get_disposable_virtual_card
banking-500,"Is there anyway, I can get a disposable virtual card?",get_disposable_virtual_card
banking-501,What does a disposable virtual card do?,get_disposable_virtual_card
banking-502,Is there a disposable virtual card I can order?,get_disposable_virtual_card
banking-503,Can I create a disposable virtual card?,get_disposable_virtual_card
banking-504,Where's the best place to get a disposable virtual card?,get_disposable_virtual_card
banking-505,What do I need to do for a PIN?,get_physical_card
banking-506,When do I receive my PIN,get_physical_card
banking-507,I need my PIN,get_physical_card
banking-508,What is my card's PIN?,get_physical_card
banking-509,"If I need a PIN for my card, where is it located?",get_physical_card
banking-510,I just got my new card but am not sure how to check its PIN.,get_physical_card
banking-511,What do I do with my card PIN?,get_physical_card
banking-512,Is there a fee for sending out more than one card?,getting_spare_card
banking-513,Can I get a spare card for someone else to use?,getting_spare_card
banking-514,I need some spare physical cards.,getting_spare_card
banking-515,I need to get some more physical cards.,getting_spare_card
banking-516,Can I order extra cards?,getting_spare_card
banking-517,I would like to receive a few more physical cards.,getting_spare_card
banking-518,May I have another card?,getting_spare_card
banking-519,Where do I find the virtual card?,getting_virtual_card
banking-520,When should I receive my virtual card?,getting_virtual_card
banking-521,How do you get a virtual card?,getting_virtual_card
banking-522,what is the virtual card,getting_virtual_card
banking-523,Where do I obtain my virtual card?,getting_virtual_card
banking-524,I requested a virtual card but it is not showing up. Why?,getting_virtual_card
banking-525,Why did I not get a virtual card yet?,getting_virtual_card
banking-526,I think my card was stolen.,lost_or_stolen_card
banking-527,Somehow I am missing my card.  What should I do?,lost_or_stolen_card
banking-528,My bags were stolen. I need a new card but need to cancel the stolen one.,lost_or_stolen_card
banking-529,"My entire gym bag, including my wallet, was stolen out of my locker today. Everything in my wallet is gone - how do I block the card to make it can't be used?",lost_or_stolen_card
banking-530,I need help with a lost card,lost_or_stolen_card
banking-531,How do I report my card stolen?,lost_or_stolen_card
banking-532,My card is lost! What do I do now?,lost_or_stolen_card
banking-533,I lost my phone and would like to freeze my accounts.,lost_or_stolen_phone
banking-534,Is there anything I need to do since my phone was stolen?,lost_or_stolen_phone
banking-535,Someone stole my cards!,lost_or_stolen_phone
banking-536,I believe I left my smartphone at the hotel I was staying at.,lost_or_stolen_phone
banking-537,"If my phone is missing, can I block someone from using the app?",lost_or_stolen_phone
banking-538,my phone is gone,lost_or_stolen_phone
banking-539,"lost phone, dont want others to access account",lost_or_stolen_phone
banking-540,Where can I receive my card?,order_physical_card
banking-541,Please tell me how to get a physical card.,order_physical_card
banking-542,What are the fees for a physical card?,order_physical_card
banking-543,What do you charge for physical cards?,order_physical_card
banking-544,Do you charge for physical cards,order_physical_card
banking-545,Will I get a real card?,order_physical_card
banking-546,How can I get a physical card,order_physical_card
banking-547,I forgot the code to access the app.,passcode_forgotten
banking-548,Can I be given a new passcode?,passcode_forgotten
banking-549,I can't find my password,passcode_forgotten
banking-550,Can you help me reset my password?,passcode_forgotten
banking-551,I lost my password,passcode_forgotten
banking-552,I don't have my access code for the app.,passcode_forgotten
banking-553,What is the code I need to get into the app?,passcode_forgotten
banking-554,When will my card payment be done pending?,pending_card_payment
banking-555,I bought some things this morning but the payment shows that it is pending,pending_card_payment
banking-556,Explain what the pending payment means?,pending_card_payment
banking-557,Why has my payment not gone through?,pending_card_payment
banking-558,I am waiting for a payment to go through.,pending_card_payment
banking-559,Why would I have a pending payment?,pending_card_payment
banking-560,How long does an item I bought show as pending?,pending_card_payment
banking-561,Why does my account have a pending cash withdrawal?,pending_cash_withdrawal
banking-562,I made a cash withdrawal but the pending status is taking forever.,pending_cash_withdrawal
banking-563,Why is my cash withdrawal from the ATM still not yet showing as confirmed in my account?,pending_cash_withdrawal
banking-564,"I tried to take money from my card, but it didn't work. Later I saw that the transaction is still in progress. What's goign on?",pending_cash_withdrawal
banking-565,how long til my cash out goes through?,pending_cash_withdrawal
banking-566,Cash withdrawal still pending?,pending_cash_withdrawal
banking-567,"Hi,I tried to get some money out but the machine was not working .The transaction still seems in progress! Can you please check what's going on.I don't want to be charged for money that I did not received.",pending_cash_withdrawal
banking-568,So I just put my top-up into the card and it hasn't changed.,pending_top_up
banking-569,Could you explain why my top-up has gone through yet?,pending_top_up
banking-570,"new customer and filling gas today, it's not working, the thing shows pending half an hour!",pending_top_up
banking-571,I  do not see a top-up processed.,pending_top_up
banking-572,Why hasn't my top-up been completed?,pending_top_up
banking-573,Is there a reason my top up hasn't gone through,pending_top_up
banking-574,Topping up my card is not working because I believe the top up is pending,pending_top_up
banking-575,Why hasn't my transfer gone through yet?,pending_transfer
banking-576,When will the transfer go through?,pending_transfer
banking-577,i transfered however its still pending,pending_transfer
banking-578,I had made a transfer but its still pending.,pending_transfer
banking-579,For how long will my transfer be pending?,pending_transfer
banking-580,How long can I expect a transfer to pend for?,pending_transfer
banking-581,I am confused as to why my transfer could still be pending.,pending_transfer
banking-582,Can you assist me with unblocking my PIN? I put it in wrong too many times.,pin_blocked
banking-583,Can you unblock my pin after too many wrong pin attempts?,pin_blocked
banking-584,My PIN is not working and I need assistance.,pin_blocked
banking-585,How can I unlock the pin?,pin_blocked
banking-586,I used the wrong ping too many times and now the account is blocked.  How do I unblock?,pin_blocked
banking-587,How do I unblock my PIN?,pin_blocked
banking-588,How do I get my PIN unlocked?,pin_blocked
banking-589,"I get paid in GBP. Should I configure this and if so, where?",receiving_money
banking-590,Do you know if I can use this for my salary?,receiving_money
banking-591,Can I receive my salary in a currency other than what it is deposited in?,receiving_money
banking-592,How do i get my salary in the account?,receiving_money
banking-593,Can i deposit my salary to this account?,receiving_money
banking-594,Is it possible to deposit money in GBP?,receiving_money
banking-595,Can I get my salary through this?,receiving_money
banking-596,I am not Happy with this product can i get a refund?,request_refund
banking-597,I need to cancel a purchase I made.,request_refund
banking-598,How do I claim a refund?,request_refund
banking-599,I bought something but now I would like a refund. How do I do that?,request_refund
banking-600,Can you cancel my purchase?,request_refund
banking-601,I would like a refund on one of your products that has been sold to me,request_refund
banking-602,I want a refund for my purchase,request_refund
banking-603,Do you know why my card payment was reverted?,reverted_card_payment?
banking-604,I made a payment but the app reverted the payment.,reverted_card_payment?
banking-605,Why has payment been returned?,reverted_card_payment?
banking-606,There was a canceled payment for my card.,reverted_card_payment?
banking-607,what happens to the funds if a merchant refuses the payment,reverted_card_payment?
banking-608,I think my card payment has been stopped,reverted_card_payment?
banking-609,I have a payment listed as cancelled.,reverted_card_payment?
banking-610,Will you accept my other card?,supported_cards_and_currencies
banking-611,"If I only have 1 other US card, can you take it?",supported_cards_and_currencies
banking-612,How do I transfer funds from my American Express into my account?,supported_cards_and_currencies
banking-613,Which credit or debit cards can I use to top up?,supported_cards_and_currencies
banking-614,I just have one other card from the US. Is that okay?,supported_cards_and_currencies
banking-615,Do you support all cards and currencies?,supported_cards_and_currencies
banking-616,can you tell me what cards and currencies you take?,supported_cards_and_currencies
banking-617,I am sick of this damn company and want to close out my account.,terminate_account
banking-618,Can you help me get rid of my account?,terminate_account
banking-619,"please delete my account, your services are not up to par.",terminate_account
banking-620,I want my account deleted!,terminate_account
banking-621,I would like to close my account.,terminate_account
banking-622,"Please delete my account, this company is not working for me!",terminate_account
banking-623,I want to delete my account. I'm unhappy with the service you're providing.,terminate_account
banking-624,Are there charges for receiving a SEPA transfer?,top_up_by_bank_transfer_charge
banking-625,Is it possible to get a transfer from SWIFT?,top_up_by_bank_transfer_charge
banking-626,How much am I charged for a SEPA transfer?,top_up_by_bank_transfer_charge
banking-627,If I make a top-up are there charges applied?,top_up_by_bank_transfer_charge
banking-628,can i do a transfer with swift,top_up_by_bank_transfer_charge
banking-629,Do I have to pay any fees in order to receive money?,top_up_by_bank_transfer_charge
banking-630,Can you tell me what the transfer policy is?,top_up_by_bank_transfer_charge
banking-631,How much does it cost to top up by card?,top_up_by_card_charge
banking-632,Is there a fee for topping up,top_up_by_card_charge
banking-633,Any hidden fees associated with the international card if money is added?,top_up_by_card_charge
banking-634,Can I top up using an international card,top_up_by_card_charge
banking-635,Will I be charged if I use European bank card for top up?,top_up_by_card_charge
banking-636,Will I be charged for topping up by card?,top_up_by_card_charge
banking-637,What are the charges for US cards with top up.,top_up_by_card_charge
banking-638,What type of deposits do you accept into my account?,top_up_by_cash_or_cheque
banking-639,How do I top up my account with a cash payment?,top_up_by_cash_or_cheque
banking-640,Need to deposit a cheque into my account,top_up_by_cash_or_cheque
banking-641,Can I send a cheque to do my top ups?,top_up_by_cash_or_cheque
banking-642,Is cash good to top up with?,top_up_by_cash_or_cheque
banking-643,Do you accept checks?,top_up_by_cash_or_cheque
banking-644,"I have a cheque here, can I use it to top off my account?",top_up_by_cash_or_cheque
banking-645,What reason did my top-up fail for?,top_up_failed
banking-646,My top-up has failed.,top_up_failed
banking-647,I don't think my top up is working correctly,top_up_failed
banking-648,"So, I tried topping up my card for the today. Unfortunately, it failed. A couple of days back I used it and it works fine. Can you double check and tell me what's going on?",top_up_failed
banking-649,Why can't I top up?,top_up_failed
banking-650,please tell me why my top-up failed.,top_up_failed
banking-651,Why did the app deny my top up?,top_up_failed
banking-652,Are the top-ups limited?,top_up_limits
banking-653,Is there a maximum amount of top-ups?,top_up_limits
banking-654,What is the limit to top up?,top_up_limits
banking-655,How can I tell what the limit is to top-ups?,top_up_limits
banking-656,I want to know if there is a maximum I can top up.,top_up_limits
banking-657,Is there a limit on top-ups?,top_up_limits
banking-658,What is the limit to top-up?,top_up_limits
banking-659,My top-up was revoked.,top_up_reverted
banking-660,I'd like to know why my top-up was canceled please.,top_up_reverted
banking-661,"Hi, i don't know what's going on i've just paid for my top up twice by accident can you help me get a refund please.",top_up_reverted
banking-662,I think my top-up was cancelled.,top_up_reverted
banking-663,I tryed to make a top-up with cryptocurrency but the payment was referted.,top_up_reverted
banking-664,My top-up has been cancelled.,top_up_reverted
banking-665,Can you tell me why my top up was reverted?,top_up_reverted
banking-666,WHERE IS MY MONEY I WAS USING MY CARD AND IT DISAPPEARED,topping_up_by_card
banking-667,How can someone add money to my account?,topping_up_by_card
banking-668,Why can't I see my topup in my wallet anymore?,topping_up_by_card
banking-669,Why can't I see the top-up amount I just added to my account?,topping_up_by_card
banking-670,"I followed the instructions to transfer money using my card, but then the money disappeared and I don't know what happened.",topping_up_by_card
banking-671,How can I top up my account with a card?,topping_up_by_card
banking-672,show me how to top up with my card,topping_up_by_card
banking-673,"More than one time this week, I have been charged more than once for the same transaction. Please correct the issue and refund the duplicate charges.",transaction_charged_twice
banking-674,I noticed after looking over my transactions that I have been charged twice from an earlier restaurant visit this week. Is it possible that one of these can be removed so I get the money back for the one that is not accurate?,transaction_charged_twice
banking-675,A transaction is repeated several times on my account.,transaction_charged_twice
banking-676,Why have I been charged twice for the same transaction?,transaction_charged_twice
banking-677,I have been charged twice,transaction_charged_twice
banking-678,There is more than one of the same transaction on my account.,transaction_charged_twice
banking-679,I didn't buy this twice,transaction_charged_twice
banking-680,Do charge fees for transfers?,transfer_fee_charged
banking-681,Why am I being charged a fee for transferring money?,transfer_fee_charged
banking-682,"I purchased some makeup through a site in China, and I was under the impression that when I make transfers there is no fee.  Why am I seeing this fee now?  I am not happy about this at all.",transfer_fee_charged
banking-683,What extra charges are there?,transfer_fee_charged
banking-684,"My receipt shows an extra charge on my transfer, why is this?",transfer_fee_charged
banking-685,Why were there additional charges when transferring?,transfer_fee_charged
banking-686,What is the transfer fee charge?,transfer_fee_charged
banking-687,"I need to transfer money into my account, how do I go about doing this?",transfer_into_account
banking-688,"I would like to use the bank transfer feature, but I can't find it. Can you please give me the details?",transfer_into_account
banking-689,How to I transfer my funds into my account?,transfer_into_account
banking-690,I would like to transfer some money from my other bank account into this one.,transfer_into_account
banking-691,How do I transfer money to my account?,transfer_into_account
banking-692,Are there ways to transfer money into my account?,transfer_into_account
banking-693,I'm trying to transfer money into my account.,transfer_into_account
banking-694,How long does it take for a transfer to get to a recipient?,transfer_not_received_by_recipient
banking-695,I completed a money transaction but the recipient hasn't received it,transfer_not_received_by_recipient
banking-696,Im waiting for my transaction to go through.,transfer_not_received_by_recipient
banking-697,I am still waiting for a transaction to be completed,transfer_not_received_by_recipient
banking-698,I transferred some money and it didint arrive,transfer_not_received_by_recipient
banking-699,I transferred some money but the receiver can't pick it up for some reason.,transfer_not_received_by_recipient
banking-700,The transfer I did hasn't arrived,transfer_not_received_by_recipient
banking-701,What is the wait time for a transfer from the US?,transfer_timing
banking-702,How long is the wait for a US transfer?,transfer_timing
banking-703,When does the money get transferred to my account,transfer_timing
banking-704,How long does it take for a transfer?,transfer_timing
banking-705,What is the time frame for a transfer from the US?,transfer_timing
banking-706,"If I need to do a quick transfer from China, how long should I expect the transfer to take?",transfer_timing
banking-707,Do transfers from Europe take longer?,transfer_timing
banking-708,I am having trouble proving my identity.,unable_to_verify_identity
banking-709,"I tried verifying my ID, but it won't let me.",unable_to_verify_identity
banking-710,How do I show this stupid system that this is really my identity?,unable_to_verify_identity
banking-711,The app will not let me into my account.,unable_to_verify_identity
banking-712,The app doesn't recognize me.,unable_to_verify_identity
banking-713,What's with not verifying my Id?,unable_to_verify_identity
banking-714,The app doesn't believe that I am me,unable_to_verify_identity
banking-715,What do I need to show who I am?,verify_my_identity
banking-716,Let me know the steps for the identity checks,verify_my_identity
banking-717,I need some help with identity verification.,verify_my_identity
banking-718,What are the steps to verify my identity?,verify_my_identity
banking-719,which kind of documentation do I need for identity check?,verify_my_identity
banking-720,Are there any documents needed for the identity check?,verify_my_identity
banking-721,I got a message that I need to verify my identity; what do I do?,verify_my_identity
banking-722,How can I lookup where funds came from?,verify_source_of_funds
banking-723,What information do you need to verify my Source of Funds?,verify_source_of_funds
banking-724,How do I become aware of where my funds come from?,verify_source_of_funds
banking-725,"what is source of my funds, need to verify",verify_source_of_funds
banking-726,I have to verify the source of my funds,verify_source_of_funds
banking-727,Where can I see the source of my money?,verify_source_of_funds
banking-728,where to funds come from,verify_source_of_funds
banking-729,Why does the top-up need verification?,verify_top_up
banking-730,Why does top-up need verifying?,verify_top_up
banking-731,Is it necessary to verify my top up?,verify_top_up
banking-732,What is the verification code on a top-up?,verify_top_up
banking-733,I need help finding the verification code for my top-up card.,verify_top_up
banking-734,How do I verify a top-up?,verify_top_up
banking-735,What is the necessity of verifying the top up?,verify_top_up
banking-736,Are there restrictions for my disposable card since it does not seem to be working?,virtual_card_not_working
banking-737,How do I get my disposable virtual card to work?,virtual_card_not_working
banking-738,Why doesn't my disposable virtual card work?,virtual_card_not_working
banking-739,My disposable virtual card is broken.,virtual_card_not_working
banking-740,Why was my virtual card declined when attempting to setup automatic billing?,virtual_card_not_working
banking-741,How can I fix a problem where my virtual card is rejected?,virtual_card_not_working
banking-742,I cannot get my virtual card to work.,virtual_card_not_working
banking-743,I like to Mastercard rather than Visa.,visa_or_mastercard
banking-744,Do you have Visa or Matercard?,visa_or_mastercard
banking-745,May I choose between Visa and Mastercard?,visa_or_mastercard
banking-746,Am I allowed to use any card to make a payment?,visa_or_mastercard
banking-747,Are both Visa and Mastercard accepted?,visa_or_mastercard
banking-748,Can you let me know if Visa is among the card scheme assignments?,visa_or_mastercard
banking-749,How do I get a visa card?,visa_or_mastercard
banking-750,What is the purpose for the identity check,why_verify_identity
banking-751,Why do you need to know so much about me,why_verify_identity
banking-752,Why do you require so many identity details?,why_verify_identity
banking-753,Why do I have to give you all of my identification details?,why_verify_identity
banking-754,Can I make transfers before identity verification?,why_verify_identity
banking-755,Why did I need to verfiy my identity?,why_verify_identity
banking-756,Do I have to do the identity check?,why_verify_identity
banking-757,The right amount of cash was not sent to me.,wrong_amount_of_cash_received
banking-758,"I tried to take out cash but the amount isn't right, so what do I do?",wrong_amount_of_cash_received
banking-759,I didn't receive all the cash I asked for,wrong_amount_of_cash_received
banking-760,Where is the money I pushed it's on my mobile app as being withdrawn.,wrong_amount_of_cash_received
banking-761,The amount of cash I received was incorrect,wrong_amount_of_cash_received
banking-762,Something went wrong with my withdrawal. The amount of money isn't right.,wrong_amount_of_cash_received
banking-763,"How can I request cash back? The ATM just gave me the wrong amount, the app shows the amount that I've been actually charged though...",wrong_amount_of_cash_received
banking-764,"I need the right foreign money, at the right rate, at ATMs, when I go abroad.",wrong_exchange_rate_for_cash_withdrawal
banking-765,I attempted to get money using a foreign currency at an ATM but the rate was highly inaccurate!,wrong_exchange_rate_for_cash_withdrawal
banking-766,Can you explain your exchange rate policy? I don't think I received the correct amount of cash in my ATM transaction.,wrong_exchange_rate_for_cash_withdrawal
banking-767,I used the ATM machine to get money out for Holiday shopping and saw the outrageous charges. Why is that? I would not have used the ATM if I had known!,wrong_exchange_rate_for_cash_withdrawal
banking-768,Why was the exchange rate different when I withdrew my cash?,wrong_exchange_rate_for_cash_withdrawal
banking-769,I took out money from a transaction machine and it exchanged the wrong dollar value amount from another currency!,wrong_exchange_rate_for_cash_withdrawal
banking-770,why is the exchange rate for a Foreign ATM different,wrong_exchange_rate_for_cash_withdrawal
